customer_instance_id,email_name,sent_date_time,flag_open,qty_opens,flag_transaction_initiated
13891763,XYZ2023_BTS_,09/08/2023,FALSE,5,FALSE
13891763,XYZ2023_BTS_,21/08/2023,FALSE,2,FALSE
10353982,XYZ2022_Prem,18/08/2023,TRUE,0,FALSE
10353982,XYZ2023_Just,31/05/2023,TRUE,2,FALSE
10353982,XYZ2021_Port,11/05/2023,FALSE,1,FALSE
10353982,XYZ2023_News,04/02/2023,TRUE,4,FALSE
13891763,XYZ2023_PO_A,05/03/2023,FALSE,1,FALSE
13891763,XYZ2023_News,04/02/2023,FALSE,2,FALSE
10353982,XYZ2023_Prod,30/03/2023,FALSE,1,FALSE
13891763,XYZ2023_News,29/04/2023,FALSE,5,FALSE
10353982,XYZ2021_SMB_,31/03/2023,FALSE,3,FALSE
60655914,AVG2021_Cheque,09/06/2023,FALSE,2,FALSE
10353982,XYZ2023_Craz,24/09/2023,TRUE,5,FALSE
13891763,XYZ2023_News,31/03/2023,FALSE,0,FALSE
62875968,AVG2021_Cheque,05/08/2023,TRUE,4,FALSE
13891763,XYZ2023_Prod,30/03/2023,FALSE,5,FALSE
10300771,XYZ2023_DPD_,24/01/2023,FALSE,2,FALSE
11688775,XYZ2023_Life,02/08/2023,FALSE,1,FALSE
11688775,XYZ2022_XXL_,18/03/2023,FALSE,5,FALSE
11688775,XYZ2023_XXL_,17/03/2023,FALSE,0,FALSE
11688775,XYZ2023_Prod,30/03/2023,FALSE,1,FALSE
10300771,XYZ2023_BTS_,14/08/2023,FALSE,5,FALSE
11688775,XYZ2023_Life,21/08/2023,FALSE,1,FALSE
11688775,XYZ2023_Life,22/07/2023,FALSE,0,FALSE
12285627,XYZ2022_Prem,23/07/2023,FALSE,2,FALSE
12285627,XYZ2023_Prod,30/03/2023,TRUE,5,FALSE
64251067,XYZ2023_XXL_,26/03/2023,FALSE,5,FALSE
66398096,XYZ2023_News,29/04/2023,FALSE,2,FALSE
12285627,XYZ2021_Rebr,05/02/2023,FALSE,0,FALSE
17206408,XYZ2023_BTS_,20/08/2023,TRUE,4,FALSE
12248131,XYZ2023_Life,13/08/2023,FALSE,1,FALSE
12248131,XYZ2022_DR_A,15/02/2023,FALSE,3,FALSE
12248131,XYZ2023_XXL_,28/03/2023,FALSE,1,FALSE
16801389,XYZ2022_Card,20/05/2023,FALSE,1,FALSE
16257387,AVG2023_DPD_PH,26/01/2023,TRUE,2,FALSE
12248131,XYZ2023_BTS_,10/08/2023,FALSE,1,FALSE
10309143,XYZ2023_XXL_,24/03/2023,TRUE,3,FALSE
16801389,XYZ2021_Cheq,10/07/2023,FALSE,2,FALSE
12248131,XYZ2022_XXL_,13/04/2023,TRUE,4,FALSE
10309143,XYZ2023_XXL_,28/03/2023,TRUE,3,FALSE
16801389,AVG2022_New_Ac,25/06/2023,FALSE,4,FALSE
12248131,XYZ2023_Life,07/09/2023,FALSE,3,FALSE
12248131,XYZ2021_User,15/06/2023,TRUE,5,FALSE
10309143,XYZ2021_Rebr,28/04/2023,FALSE,3,FALSE
16122504,AVG2023_XXL_A_,28/03/2023,FALSE,1,FALSE
10309143,XYZ2023_News,30/06/2023,FALSE,0,FALSE
16801389,XYZ2023_Craz,29/09/2023,FALSE,5,FALSE
12248131,XYZ2022_XXL_,10/05/2023,FALSE,5,FALSE
12248131,XYZ2023_DPD_,31/01/2023,FALSE,5,FALSE
12248131,XYZ2022_PS_M,23/05/2023,TRUE,3,FALSE
10309143,XYZ2022_Pay_,28/05/2023,FALSE,2,FALSE
16257387,XYZ2021_Port,24/06/2023,FALSE,0,FALSE
12248131,XYZ2023_XXL_,27/03/2023,FALSE,4,FALSE
16801389,XYZ2022_DR_A,17/03/2023,TRUE,5,FALSE
12248131,XYZ2023_XXL_,20/03/2023,FALSE,0,FALSE
10309143,XYZ2023_VPN_,23/05/2023,TRUE,1,FALSE
12248131,XYZ2023_PO_B,01/03/2023,FALSE,0,FALSE
16801389,XYZ2023_Just,30/05/2023,FALSE,4,FALSE
17206408,XYZ2023_Craz,23/09/2023,FALSE,2,FALSE
12248131,XYZ2023_BTS_,05/08/2023,FALSE,1,FALSE
10309143,XYZ2023_XXL_,13/04/2023,TRUE,1,FALSE
16200098,XYZ2023_PO_A,07/03/2023,FALSE,5,FALSE
17519174,XYZ2022_Rebr,28/09/2023,FALSE,1,FALSE
14329923,AVG2023_BTS_Tr,18/08/2023,TRUE,0,FALSE
16200098,XYZ2023_BTS_,29/08/2023,FALSE,4,FALSE
16200098,XYZ2023_News,28/04/2023,FALSE,3,FALSE
17209139,AVG2022_BTS_RE,11/08/2023,FALSE,4,FALSE
15207899,XYZ2023_BTS_,24/08/2023,FALSE,5,FALSE
14160443,AVG2022_BTS_RO,01/09/2023,FALSE,2,FALSE
17209139,AVG2023_BTS_Tr,18/08/2023,TRUE,2,FALSE
15207899,XYZ2023_XXL_,19/03/2023,TRUE,2,FALSE
12851281,XYZ2023_XXL_,13/04/2023,FALSE,3,FALSE
12851281,XYZ2023_News,05/02/2023,FALSE,4,FALSE
15207899,XYZ2023_Craz,25/09/2023,TRUE,1,FALSE
12851281,XYZ2023_Craz,23/09/2023,FALSE,5,FALSE
12851281,XYZ2022_Give,08/06/2023,FALSE,0,FALSE
17209139,XYZ2021_Rebr,18/02/2023,TRUE,0,FALSE
15207899,XYZ2023_BTS_,23/08/2023,FALSE,5,FALSE
15207899,XYZ2023_BTS_,22/08/2023,FALSE,3,FALSE
12851281,XYZ2019_Bank,21/03/2023,FALSE,0,FALSE
12851281,XYZ2021_Rebr,28/05/2023,FALSE,4,FALSE
14160443,XYZ2023_XXL_,26/03/2023,FALSE,0,FALSE
12851281,XYZ2023_Craz,26/09/2023,FALSE,1,FALSE
12851281,XYZ2022_XXL_,26/03/2023,FALSE,2,FALSE
62951698,AVG2022_Auto R,05/05/2023,TRUE,4,FALSE
15207899,XYZ2023_Life,11/09/2023,FALSE,3,FALSE
15207899,XYZ2023_BTS_,04/08/2023,FALSE,4,FALSE
12851281,XYZ2023_Prod,23/03/2023,TRUE,2,FALSE
12851281,AVG2023_TuneUp,18/04/2023,TRUE,3,FALSE
17209139,XYZ2023_Just,04/06/2023,FALSE,2,FALSE
17209139,AVG2021_Cheque,21/02/2023,FALSE,0,FALSE
17209139,XYZ2023_Just,04/06/2023,FALSE,5,FALSE
15207899,XYZ2023_Life,21/07/2023,FALSE,2,FALSE
15207899,XYZ2022_XXL_,17/03/2023,FALSE,0,FALSE
17209139,XYZ2021_Rebr,19/02/2023,FALSE,4,FALSE
12851281,XYZ2023_PO_A,05/03/2023,FALSE,5,FALSE
15207899,XYZ2023_Craz,27/09/2023,FALSE,4,FALSE
17209139,XYZ2023_Prod,23/03/2023,TRUE,4,FALSE
71706033,XYZ2023_BTS_,21/08/2023,FALSE,0,FALSE
16060674,XYZ2022_DR_A,26/02/2023,FALSE,5,FALSE
16060674,XYZ2023_BTS_,18/08/2023,TRUE,0,FALSE
16060674,XYZ2023_Life,19/09/2023,TRUE,0,FALSE
16060674,XYZ2023_BTS_,14/08/2023,FALSE,4,FALSE
16060674,AVG2022_BTS_RE,29/08/2023,FALSE,2,FALSE
10301506,XYZ2019_Anti,22/09/2023,FALSE,0,FALSE
16063258,XYZ2023_Just,06/06/2023,FALSE,5,FALSE
10301506,XYZ2019_Anti,31/01/2023,FALSE,0,FALSE
63780723,XYZ2021_Port,24/05/2023,FALSE,2,FALSE
10301506,XYZ2023_BTS_,07/08/2023,FALSE,0,FALSE
16746244,XYZ2023_XXL_,19/03/2023,FALSE,4,FALSE
65064662,XYZ2020_Prem,08/01/2023,FALSE,2,FALSE
63694193,XYZ2022_News,04/01/2023,TRUE,5,FALSE
16373609,XYZ2023_BTS_,29/08/2023,FALSE,0,FALSE
16373609,XYZ2022_PS_M,11/07/2023,FALSE,0,FALSE
16373609,XYZ2022_PS_M,15/09/2023,TRUE,1,FALSE
16637264,XYZ2023_BTS_,31/08/2023,FALSE,3,FALSE
16373609,AVG2023_XXL_A_,26/03/2023,FALSE,4,FALSE
17327716,XYZ2023_News,29/06/2023,FALSE,4,FALSE
16416360,XYZ2023_BTS_,07/08/2023,FALSE,4,FALSE
14033991,XYZ2023_BTS_,23/08/2023,FALSE,5,FALSE
13579210,XYZ2022_PS_M,12/06/2023,FALSE,2,FALSE
13579210,XYZ2023_DPD_,24/01/2023,FALSE,0,FALSE
14033991,XYZ2023_Craz,26/09/2023,TRUE,1,FALSE
13579210,XYZ2022_News,04/01/2023,TRUE,0,FALSE
13579210,XYZ2021_Port,29/05/2023,TRUE,1,FALSE
14033991,XYZ2023_DPD_,26/01/2023,TRUE,0,FALSE
14156007,XYZ2023_Life,23/08/2023,FALSE,0,FALSE
14156007,XYZ2019_Clea,18/05/2023,TRUE,3,FALSE
62085988,XYZ2022_Pay_,29/09/2023,TRUE,0,FALSE
16416360,XYZ2022_Sont,06/01/2023,FALSE,5,FALSE
16671878,XYZ2023_News,29/04/2023,TRUE,1,FALSE
13579210,XYZ2019_Bank,01/04/2023,FALSE,4,FALSE
14033991,XYZ2023_XXL_,14/04/2023,TRUE,1,FALSE
12765679,XYZ2023_BTS_,15/08/2023,FALSE,5,FALSE
12765679,XYZ2022_DR_A,18/03/2023,FALSE,5,FALSE
12765679,XYZ2023_Life,21/07/2023,FALSE,1,FALSE
12765679,XYZ2023_Craz,22/09/2023,FALSE,2,FALSE
12765679,XYZ2022_Pay_,10/05/2023,TRUE,2,FALSE
12765679,XYZ2023_BTS_,15/08/2023,TRUE,0,FALSE
12765679,XYZ2023_XXL_,21/03/2023,FALSE,1,FALSE
12765679,XYZ2023_Prod,23/03/2023,FALSE,4,FALSE
12765679,XYZ2023_Prod,30/03/2023,FALSE,2,FALSE
12765679,XYZ2022_Card,20/04/2023,TRUE,4,FALSE
12765679,XYZ2021_Cheq,21/04/2023,FALSE,1,FALSE
12765679,XYZ2023_DPD_,02/02/2023,FALSE,0,FALSE
12765679,XYZ2023_News,29/04/2023,FALSE,0,FALSE
16419506,AVG2023_DPD_PH,26/01/2023,FALSE,0,FALSE
14680028,XYZ2023_XXL_,18/03/2023,TRUE,5,FALSE
14680028,XYZ2023_Craz,26/09/2023,TRUE,5,FALSE
16419506,XYZ2023_BTS_,21/08/2023,FALSE,4,FALSE
16273607,AVG2023_Just_ ,07/06/2023,FALSE,1,FALSE
16419506,XYZ2023_Life,22/07/2023,FALSE,1,FALSE
14680028,XYZ2023_BTS_,31/08/2023,FALSE,0,FALSE
16419506,XYZ2023_DPD_,30/01/2023,FALSE,1,FALSE
16273607,XYZ2023_News,05/02/2023,FALSE,3,FALSE
16273607,AVG2023_Just_ ,01/06/2023,FALSE,1,FALSE
63644763,XYZ2023_Just,10/06/2023,FALSE,0,FALSE
14680028,XYZ2022_DR_A,21/06/2023,TRUE,1,FALSE
14680028,XYZ2023_Clea,09/05/2023,TRUE,5,FALSE
16273607,XYZ2022_New ,03/02/2023,TRUE,3,FALSE
16419506,XYZ2022_News,04/01/2023,FALSE,5,FALSE
16419506,XYZ2023_News,01/07/2023,FALSE,3,FALSE
16358165,XYZ2023_Just,30/05/2023,FALSE,1,FALSE
16358165,XYZ2023_XXL_,26/03/2023,FALSE,1,FALSE
17003005,AVG2023_XXL_A_,29/03/2023,FALSE,2,FALSE
16252838,XYZ2023_Craz,25/09/2023,FALSE,3,FALSE
17003005,XYZ2023_BTS_,12/08/2023,TRUE,4,FALSE
17003005,AVG2023_CrazyO,29/09/2023,FALSE,2,FALSE
16120844,XYZ2023_DPD_,26/01/2023,FALSE,3,FALSE
17003005,AVG2023_Just_ ,06/06/2023,FALSE,2,FALSE
16120844,XYZ2023_News,14/02/2023,FALSE,5,FALSE
17003005,AVG2022_DR_AB_,07/07/2023,FALSE,0,FALSE
17003005,AVG2022_15days,27/07/2023,TRUE,4,FALSE
64991840,XYZ2022_Rebr,05/03/2023,TRUE,3,FALSE
13449652,XYZ2022_Card,31/08/2023,FALSE,5,FALSE
16252838,XYZ2022_Tria,17/08/2023,TRUE,5,FALSE
16171842,XYZ2023_Craz,23/09/2023,FALSE,1,FALSE
60669497,XYZ2023_XXL_,21/03/2023,FALSE,4,FALSE
10666206,XYZ2023_Prod,23/03/2023,FALSE,2,FALSE
14036334,XYZ2023_BTS_,09/08/2023,FALSE,3,FALSE
16171842,XYZ2023_BTS_,10/08/2023,FALSE,5,FALSE
14036334,XYZ2023_BTS_,12/08/2023,FALSE,0,FALSE
14036334,XYZ2023_Just,25/05/2023,FALSE,2,FALSE
14036334,XYZ2023_Just,24/05/2023,FALSE,2,FALSE
16171842,XYZ2023_BTS_,09/08/2023,FALSE,5,FALSE
14036334,XYZ2022_New ,09/03/2023,TRUE,1,FALSE
16171842,XYZ2023_BTS_,28/08/2023,FALSE,0,FALSE
16647660,XYZ2018_Clea,28/02/2023,FALSE,1,FALSE
13461207,XYZ2021_Cheq,13/06/2023,FALSE,1,FALSE
15004233,AVG2022_BTS_RE,21/08/2023,FALSE,4,FALSE
13461207,XYZ2021_Port,24/03/2023,FALSE,0,FALSE
67202408,XYZ2023_Craz,24/09/2023,FALSE,1,FALSE
15004233,XYZ2023_Craz,25/09/2023,TRUE,4,FALSE
13461207,XYZ2022_DR_A,16/05/2023,TRUE,4,FALSE
16822643,XYZ2023_Craz,26/09/2023,FALSE,0,FALSE
10457087,XYZ2022_Sont,06/01/2023,FALSE,1,FALSE
13431827,XYZ2023_XXL_,27/03/2023,FALSE,0,FALSE
10457087,XYZ2023_BTS_,05/08/2023,TRUE,4,FALSE
13431827,XYZ2023_Craz,28/09/2023,TRUE,2,FALSE
10457087,XYZ2023_Craz,27/09/2023,FALSE,3,FALSE
10457087,XYZ2023_Just,30/05/2023,FALSE,2,FALSE
10457087,XYZ2023_Life,20/09/2023,FALSE,0,FALSE
10457087,XYZ2021_Prem,24/02/2023,FALSE,3,FALSE
10457087,XYZ2023_BTS_,05/08/2023,FALSE,0,FALSE
13431827,XYZ2023_XXL_,19/03/2023,FALSE,1,FALSE
10457087,XYZ2023_Life,31/08/2023,FALSE,5,FALSE
13431827,XYZ2023_Craz,26/09/2023,FALSE,3,FALSE
13431827,XYZ2022_XXL_,20/03/2023,FALSE,2,FALSE
16822643,XYZ2023_Prod,30/03/2023,FALSE,2,FALSE
10457087,XYZ2023_Life,21/08/2023,FALSE,0,FALSE
14766239,XYZ2023_News,01/07/2023,TRUE,3,FALSE
14766239,XYZ2023_Just,09/06/2023,FALSE,3,FALSE
14766239,XYZ2022_Give,21/01/2023,TRUE,1,FALSE
16178236,AVG2022_BTS_RO,05/09/2023,TRUE,1,FALSE
14766239,XYZ2023_Just,01/06/2023,FALSE,5,FALSE
14766239,XYZ2023_Craz,23/09/2023,FALSE,1,FALSE
13058532,XYZ2023_Life,04/08/2023,TRUE,4,FALSE
13058532,XYZ2021_Rebr,14/03/2023,FALSE,3,FALSE
13058532,XYZ2021_Rebr,19/08/2023,FALSE,1,FALSE
13058532,XYZ2023_XXL_,26/03/2023,FALSE,4,FALSE
13058532,XYZ2023_Life,21/07/2023,FALSE,1,FALSE
13058532,XYZ2023_DPD_,24/01/2023,TRUE,4,FALSE
13058532,XYZ2022_News,04/01/2023,TRUE,1,FALSE
13058532,XYZ2022_DR_A,01/04/2023,FALSE,1,FALSE
13058532,XYZ2023_News,28/04/2023,FALSE,0,FALSE
16673470,XYZ2023_DPD_,25/01/2023,TRUE,2,FALSE
16673470,XYZ2023_BTS_,21/08/2023,FALSE,0,FALSE
16673470,AVG2023_Just_ ,06/06/2023,FALSE,2,FALSE
14030572,XYZ2023_DPD_,30/01/2023,TRUE,3,FALSE
16618574,XYZ2023_BTS_,07/08/2023,FALSE,0,FALSE
16618574,AVG2023_BTS_Tr,18/08/2023,FALSE,1,FALSE
16618574,XYZ2023_BTS_,21/08/2023,FALSE,1,FALSE
16618574,XYZ2023_DPD_,25/01/2023,FALSE,5,FALSE
16673470,XYZ2018_Clea,25/03/2023,FALSE,2,FALSE
13427741,XYZ2023_BTS_,11/08/2023,FALSE,1,FALSE
13427741,XYZ2023_BTS_,03/09/2023,TRUE,0,FALSE
12278429,XYZ2023_Craz,23/09/2023,TRUE,2,FALSE
13427741,XYZ2023_Life,16/09/2023,TRUE,5,FALSE
13427741,XYZ2023_Just,24/05/2023,FALSE,0,FALSE
13427741,XYZ2023_Just,25/05/2023,FALSE,3,FALSE
65920973,XYZ2023_News,31/03/2023,FALSE,4,FALSE
13427741,XYZ2023_DPD_,01/02/2023,TRUE,2,FALSE
17323457,XYZ2023_Craz,24/09/2023,FALSE,0,FALSE
12278429,XYZ2023_BTS_,15/08/2023,TRUE,0,FALSE
16356626,XYZ2021_Rebr,21/07/2023,FALSE,1,FALSE
13427741,XYZ2023_News,07/02/2023,FALSE,3,FALSE
17323457,XYZ2022_A1_E,12/06/2023,FALSE,4,FALSE
12278429,XYZ2022_DR_A,21/06/2023,FALSE,3,FALSE
17323457,XYZ2021_Port,19/06/2023,FALSE,1,FALSE
13427741,XYZ2023_Life,09/07/2023,TRUE,4,FALSE
12278429,XYZ2018_Ulti,24/05/2023,TRUE,0,FALSE
16356626,AVG2023_Just_ ,07/06/2023,TRUE,1,FALSE
16540783,XYZ2021_Prem,02/02/2023,TRUE,0,FALSE
16540783,XYZ2023_BTS_,17/08/2023,FALSE,0,FALSE
16540783,AVG2023_DPD_PH,31/01/2023,TRUE,0,FALSE
13822360,XYZ2023_PO_A,24/02/2023,FALSE,4,FALSE
16540783,AVG2022_New Re,19/09/2023,TRUE,3,FALSE
16540783,XYZ2023_Just,25/05/2023,TRUE,0,FALSE
16540783,AVG2022_Card_A,06/01/2023,FALSE,0,FALSE
12294443,XYZ2022_News,05/01/2023,FALSE,4,FALSE
12294443,XYZ2022_Sont,06/01/2023,FALSE,1,FALSE
12294443,XYZ2023_BTS_,05/08/2023,TRUE,3,FALSE
12294443,XYZ2023_Craz,26/09/2023,FALSE,3,FALSE
68020099,XYZ2023_News,30/06/2023,FALSE,1,FALSE
12294443,XYZ2023_News,31/03/2023,FALSE,4,FALSE
12294443,XYZ2023_News,31/03/2023,FALSE,0,FALSE
12294443,XYZ2022_XXL_,18/03/2023,FALSE,4,FALSE
16030085,XYZ2023_DPD_,25/01/2023,FALSE,3,FALSE
17220774,XYZ2023_BTS_,20/08/2023,FALSE,1,FALSE
17220774,XYZ2023_Life,06/07/2023,TRUE,3,FALSE
16030085,XYZ2023_News,28/04/2023,FALSE,3,FALSE
17220774,XYZ2023_Prod,31/03/2023,TRUE,4,FALSE
17220774,XYZ2023_Just,31/05/2023,FALSE,0,FALSE
17220774,XYZ2022_Rebr,27/02/2023,TRUE,4,FALSE
16085163,XYZ2021_Rebr,16/03/2023,TRUE,1,FALSE
16085163,AVG2020_AntiTr,15/08/2023,FALSE,3,FALSE
60527541,XYZ2023_News,02/04/2023,FALSE,4,FALSE
14185797,XYZ2023_News,07/02/2023,FALSE,4,FALSE
16085163,AVG2023_CrazyO,27/09/2023,TRUE,0,FALSE
14185797,XYZ2023_XXL_,20/03/2023,FALSE,1,FALSE
16347646,AVG2023_BTS_Tr,22/08/2023,TRUE,1,FALSE
16347646,XYZ2023_BTS_,12/08/2023,FALSE,3,FALSE
14185797,XYZ2021_Port,23/07/2023,FALSE,5,FALSE
16347646,XYZ2023_Life,19/07/2023,FALSE,2,FALSE
16030085,XYZ2022_Card,24/03/2023,TRUE,5,FALSE
16347646,XYZ2022_New ,22/01/2023,FALSE,1,FALSE
16347646,XYZ2022_Sont,09/01/2023,FALSE,2,FALSE
16347646,AVG2023_Just_ ,31/05/2023,FALSE,3,FALSE
11347001,XYZ2023_News,31/03/2023,FALSE,3,FALSE
16030085,XYZ2021_Port,23/06/2023,TRUE,0,FALSE
15239018,AVG2022_Auto R,24/01/2023,TRUE,4,FALSE
15239018,AVG2022_Proact,04/01/2023,TRUE,0,FALSE
15239018,AVG2022_Auto R,25/01/2023,FALSE,5,FALSE
15239018,AVG2022_BTS_PH,02/09/2023,TRUE,1,FALSE
15239018,AVG2022_XXL_B_,27/03/2023,FALSE,2,FALSE
15239018,AVG2022_XXL_B_,20/03/2023,FALSE,0,FALSE
62567252,AVG2021_VPN Po,08/01/2023,FALSE,5,FALSE
15239018,XYZ2023_Just,25/05/2023,FALSE,0,FALSE
15239018,AVG2022_XXL-Re,01/06/2023,FALSE,1,FALSE
15239018,AVG2022_BTS_RO,16/08/2023,FALSE,3,FALSE
67223171,XYZ2023_BTS_,07/08/2023,FALSE,3,FALSE
15239018,AVG2023_Just_ ,26/05/2023,TRUE,5,FALSE
12221212,XYZ2023_News,30/06/2023,FALSE,1,FALSE
12221212,XYZ2022_Pay_,09/04/2023,FALSE,3,FALSE
16720350,XYZ2023_Secu,25/05/2023,FALSE,3,FALSE
17068719,XYZ2023_DPD_,02/02/2023,TRUE,0,FALSE
17068719,XYZ2022_News,04/01/2023,FALSE,2,FALSE
17068719,XYZ2023_News,29/04/2023,FALSE,2,FALSE
17068719,XYZ2023_Reac,06/07/2023,TRUE,2,FALSE
16720350,XYZ2023_PO_B,24/02/2023,FALSE,4,FALSE
17068719,XYZ2023_News,29/04/2023,FALSE,5,FALSE
17068719,XYZ2023_Just,24/05/2023,FALSE,3,FALSE
16016784,AVG2020_TuneUp,14/08/2023,TRUE,4,FALSE
16720350,XYZ2022_Winb,29/05/2023,FALSE,2,FALSE
16016784,AVG2022_Newsle,09/01/2023,FALSE,0,FALSE
16016784,XYZ2023_Secu,29/05/2023,FALSE,0,FALSE
17068719,XYZ2023_Prod,30/03/2023,TRUE,4,FALSE
16016784,XYZ2023_Just,25/05/2023,FALSE,2,FALSE
17068719,XYZ2021_Rebr,27/01/2023,FALSE,4,FALSE
17068719,XYZ2022_XXL_,26/03/2023,FALSE,0,FALSE
17068719,XYZ2023_BTS_,28/08/2023,FALSE,0,FALSE
16016784,XYZ2022_News,04/01/2023,FALSE,1,FALSE
17068719,XYZ2021_Port,25/04/2023,FALSE,5,FALSE
10225497,XYZ2023_News,28/04/2023,FALSE,2,FALSE
17067445,AVG2022_New_Ac,11/03/2023,TRUE,4,FALSE
10225497,XYZ2023_90D_,02/09/2023,FALSE,2,FALSE
17067445,AVG2023_Just_ ,07/06/2023,TRUE,0,FALSE
10225497,XYZ2023_DPD_,24/01/2023,TRUE,5,FALSE
12272567,XYZ2022_News,03/01/2023,FALSE,3,FALSE
12272567,XYZ2023_News,31/03/2023,FALSE,4,FALSE
10225497,XYZ2023_New_,27/09/2023,FALSE,3,FALSE
17067445,AVG2023_Newsle,03/02/2023,FALSE,5,FALSE
17383339,XYZ2022_DR_A,16/09/2023,FALSE,0,FALSE
17383339,XYZ2021_Rebr,24/06/2023,TRUE,4,FALSE
13933641,XYZ2022_Card,31/03/2023,FALSE,5,FALSE
13933641,XYZ2022_DR_A,03/09/2023,FALSE,5,FALSE
10425974,XYZ2023_Just,25/05/2023,TRUE,4,FALSE
13933641,XYZ2023_Just,25/05/2023,FALSE,0,FALSE
10425974,XYZ2022_News,03/01/2023,TRUE,0,FALSE
13933641,XYZ2023_XXL_,26/03/2023,FALSE,0,FALSE
14015482,XYZ2023_Just,31/05/2023,FALSE,3,FALSE
14015482,XYZ2023_Life,01/08/2023,TRUE,2,FALSE
10272106,XYZ2022_XXL_,19/03/2023,FALSE,5,FALSE
14015482,XYZ2023_BTS_,05/08/2023,FALSE,1,FALSE
14015482,XYZ2023_New_,26/08/2023,TRUE,1,FALSE
10272106,XYZ2022_News,04/01/2023,FALSE,1,FALSE
10272106,XYZ2023_Craz,26/09/2023,FALSE,1,FALSE
62890846,XYZ2022_Sont,09/01/2023,FALSE,3,FALSE
16054473,XYZ2021_Prem,03/03/2023,FALSE,4,FALSE
13889831,XYZ2021_User,09/08/2023,FALSE,2,FALSE
13889831,XYZ2021_Rebr,06/08/2023,FALSE,0,FALSE
63670781,AVG2023_Just_ ,28/05/2023,FALSE,0,FALSE
10447761,AVG2022_Giveaw,11/01/2023,TRUE,4,FALSE
10447761,XYZ2022_PS_M,18/08/2023,TRUE,1,FALSE
13889831,XYZ2021_Rebr,26/09/2023,TRUE,4,FALSE
60664727,XYZ2021_Rebr,12/04/2023,FALSE,4,FALSE
13889831,XYZ2022_Rebr,02/05/2023,FALSE,1,FALSE
10447761,XYZ2021_Rebr,10/01/2023,FALSE,2,FALSE
14022200,XYZ2023_News,07/02/2023,FALSE,4,FALSE
16054473,XYZ2023_XXL_,26/03/2023,FALSE,0,FALSE
13889831,XYZ2023_BTS_,10/08/2023,FALSE,1,FALSE
64788481,AVG2023_Newsle,30/04/2023,TRUE,2,FALSE
73035656,XYZ2023_XXL_,14/04/2023,FALSE,0,FALSE
72495492,XYZ2023_BTS_,09/08/2023,FALSE,2,FALSE
72495492,XYZ2022_XXL_,19/03/2023,FALSE,2,FALSE
13423523,XYZ2023_XXL_,28/03/2023,FALSE,0,FALSE
13423523,XYZ2022_XXL_,10/08/2023,FALSE,1,FALSE
13423523,XYZ2023_DPD_,24/01/2023,FALSE,4,FALSE
13423523,XYZ2022_XXL_,19/08/2023,FALSE,5,FALSE
13423523,XYZ2023_News,29/06/2023,FALSE,2,FALSE
13884655,XYZ2023_XXL_,26/03/2023,FALSE,2,FALSE
13884655,XYZ2021_SMB_,14/03/2023,FALSE,5,FALSE
13423523,XYZ2021_User,25/07/2023,FALSE,2,FALSE
13423523,XYZ2023_Life,01/09/2023,TRUE,5,FALSE
16887439,AVG2020_VPN Ba,14/06/2023,TRUE,2,FALSE
16737504,XYZ2023_DPD_,31/01/2023,FALSE,0,FALSE
13958585,AVG2022_Card_A,05/04/2023,FALSE,5,FALSE
13319143,XYZ2019_Anti,22/06/2023,TRUE,5,FALSE
13958585,XYZ2023_DPD_,01/02/2023,FALSE,3,FALSE
16737504,XYZ2023_Life,18/08/2023,TRUE,3,FALSE
13958585,XYZ2022_XXL_,17/03/2023,FALSE,2,FALSE
13958585,XYZ2022_XXL_,19/04/2023,TRUE,4,FALSE
16737504,XYZ2021_Rebr,16/01/2023,FALSE,3,FALSE
13958585,XYZ2023_DPD_,24/01/2023,FALSE,0,FALSE
13319143,XYZ2023_Craz,26/09/2023,FALSE,3,FALSE
16887439,AVG2022_XXL_B_,22/03/2023,FALSE,3,FALSE
16528394,XYZ2023_News,30/06/2023,FALSE,2,FALSE
14312017,XYZ2023_XXL_,25/03/2023,TRUE,0,FALSE
16528394,XYZ2023_Life,21/07/2023,FALSE,1,FALSE
16528394,XYZ2023_BTS_,23/08/2023,FALSE,1,FALSE
16528394,XYZ2023_XXL_,19/03/2023,FALSE,2,FALSE
14312017,XYZ2023_Craz,24/09/2023,TRUE,2,FALSE
11239423,XYZ2023_BTS_,30/08/2023,FALSE,3,FALSE
11239423,XYZ2023_Life,11/09/2023,TRUE,5,FALSE
65077062,XYZ2019_ATT ,14/07/2023,FALSE,3,FALSE
13929968,XYZ2022_News,04/01/2023,FALSE,1,FALSE
11239423,XYZ2021_Cheq,11/02/2023,FALSE,2,FALSE
11239423,XYZ2023_Craz,22/09/2023,FALSE,4,FALSE
17414723,XYZ2023_BTS_,28/08/2023,FALSE,5,FALSE
13929968,XYZ2023_DPD_,31/01/2023,FALSE,3,FALSE
16974928,AVG2022_BTS_RO,05/09/2023,FALSE,2,FALSE
13408581,XYZ2023_News,31/03/2023,FALSE,5,FALSE
13408581,XYZ2023_PO_B,01/03/2023,TRUE,5,FALSE
13408581,XYZ2023_Life,20/08/2023,FALSE,0,FALSE
13408581,XYZ2023_Craz,27/09/2023,TRUE,1,FALSE
10408258,XYZ2023_Craz,24/09/2023,FALSE,1,FALSE
63766747,XYZ2023_Craz,25/09/2023,FALSE,5,FALSE
10906191,XYZ2023_News,01/04/2023,TRUE,5,FALSE
10906191,XYZ2023_BTS_,25/08/2023,FALSE,5,FALSE
10911372,XYZ2023_Life,13/07/2023,FALSE,2,FALSE
10911372,XYZ2023_Prod,30/03/2023,FALSE,5,FALSE
10911372,XYZ2023_BTS_,21/08/2023,TRUE,2,FALSE
10911372,XYZ2023_PO_B,24/02/2023,TRUE,1,FALSE
16539154,AVG2023_Newsle,02/04/2023,FALSE,1,FALSE
17182886,AVG2023_CrazyO,26/09/2023,FALSE,1,FALSE
62556977,XYZ2021_Rebr,05/04/2023,TRUE,5,FALSE
17182886,AVG2022_BTS_RO,29/08/2023,FALSE,5,FALSE
16539154,XYZ2023_Craz,22/09/2023,TRUE,4,FALSE
16539154,XYZ2023_BTS_,09/08/2023,FALSE,2,FALSE
10306340,XYZ2021_Port,23/07/2023,FALSE,2,FALSE
10306340,XYZ2023_XXL_,19/03/2023,FALSE,2,FALSE
10306340,XYZ2023_BTS_,28/08/2023,FALSE,5,FALSE
10306340,XYZ2023_Just,30/05/2023,FALSE,4,FALSE
10306340,XYZ2022_XXL_,26/03/2023,FALSE,1,FALSE
17182886,XYZ2023_Prod,23/03/2023,FALSE,4,FALSE
10306340,XYZ2021_Port,16/06/2023,TRUE,0,FALSE
16539154,AVG2023_Just_ ,26/05/2023,FALSE,0,FALSE
10306340,XYZ2023_BTS_,05/08/2023,FALSE,1,FALSE
17182886,XYZ2023_Prod,30/03/2023,FALSE,2,FALSE
16539154,AVG2022_BTS_RE,24/08/2023,FALSE,5,FALSE
12937115,XYZ2023_Life,30/08/2023,TRUE,0,FALSE
12253020,XYZ2023_News,29/06/2023,FALSE,4,FALSE
17267531,XYZ2021_Rebr,22/03/2023,TRUE,3,FALSE
12937115,XYZ2021_Rebr,10/03/2023,FALSE,4,FALSE
62176957,XYZ2023_Prod,30/03/2023,TRUE,4,FALSE
17267531,XYZ2022_A1_U,29/05/2023,TRUE,5,FALSE
12937115,XYZ2022_Card,20/05/2023,FALSE,2,FALSE
14011698,XYZ2023_Just,01/06/2023,FALSE,5,FALSE
72354949,XYZ2023_Life,31/08/2023,FALSE,4,FALSE
16966642,XYZ2021_Port,09/02/2023,FALSE,4,FALSE
16966642,AVG2022_Auto R,19/06/2023,TRUE,0,FALSE
14011698,AVG2022_BTS_RO,05/09/2023,FALSE,2,FALSE
11286899,XYZ2023_News,05/02/2023,TRUE,3,FALSE
13855291,XYZ2023_DPD_,30/01/2023,FALSE,5,FALSE
11286899,XYZ2023_VPN_,21/09/2023,TRUE,2,FALSE
11286899,XYZ2023_Prod,23/03/2023,FALSE,4,FALSE
14185796,XYZ2023_BTS_,12/08/2023,FALSE,4,FALSE
11286899,XYZ2023_Craz,27/09/2023,FALSE,0,FALSE
14185796,XYZ2022_Sont,12/01/2023,FALSE,3,FALSE
14185796,XYZ2018_Secu,04/01/2023,TRUE,4,FALSE
65074498,AVG2023_CrazyO,26/09/2023,FALSE,2,FALSE
11560039,XYZ2023_News,04/02/2023,TRUE,2,FALSE
11560039,XYZ2022_PS_M,11/03/2023,FALSE,1,FALSE
12848937,XYZ2022_DR_A,19/06/2023,TRUE,3,FALSE
12848937,XYZ2023_News,04/02/2023,TRUE,1,FALSE
11560039,XYZ2023_XXL_,14/04/2023,FALSE,4,FALSE
14991688,XYZ2023_DPD_,23/01/2023,FALSE,4,FALSE
12848937,XYZ2022_DR_A,27/03/2023,FALSE,2,FALSE
12848937,XYZ2023_Craz,29/09/2023,FALSE,4,FALSE
12848937,XYZ2023_DPD_,01/02/2023,FALSE,3,FALSE
12848937,XYZ2022_XXL_,21/07/2023,FALSE,5,FALSE
11560039,XYZ2023_BTS_,09/08/2023,FALSE,3,FALSE
13328444,XYZ2023_Just,06/06/2023,TRUE,0,FALSE
62859128,XYZ2023_News,30/06/2023,FALSE,5,FALSE
13328444,XYZ2023_BTS_,01/09/2023,FALSE,3,FALSE
13426084,XYZ2023_Just,30/05/2023,FALSE,2,FALSE
13426084,XYZ2023_News,29/06/2023,FALSE,2,FALSE
12260936,XYZ2021_Rebr,13/02/2023,FALSE,3,FALSE
12260936,XYZ2021_Rebr,10/04/2023,FALSE,2,FALSE
13328444,XYZ2023_XXL_,14/04/2023,FALSE,0,FALSE
12260936,XYZ2023_DPD_,06/02/2023,FALSE,3,FALSE
13328444,XYZ2023_News,01/04/2023,FALSE,5,FALSE
13328444,XYZ2022_Give,04/05/2023,TRUE,3,FALSE
13328444,XYZ2022_15da,24/04/2023,FALSE,3,FALSE
13426084,XYZ2022_News,04/01/2023,TRUE,3,FALSE
13328444,XYZ2023_News,29/04/2023,FALSE,3,FALSE
13426084,XYZ2022_Prem,18/08/2023,TRUE,0,FALSE
65031499,XYZ2022_XXL_,26/03/2023,TRUE,0,FALSE
13328444,XYZ2023_News,04/02/2023,FALSE,4,FALSE
11473008,XYZ2018_Clea,26/03/2023,FALSE,0,FALSE
11473008,XYZ2022_15da,12/06/2023,FALSE,0,FALSE
11420585,XYZ2023_News,01/07/2023,FALSE,2,FALSE
64312583,XYZ2023_Reac,12/06/2023,FALSE,5,FALSE
11473008,XYZ2023_BTS_,15/08/2023,FALSE,0,FALSE
60544925,XYZ2023_DPD_,25/01/2023,FALSE,3,FALSE
64362474,XYZ2023_BTS_,25/08/2023,FALSE,0,FALSE
16346278,XYZ2023_DPD_,01/02/2023,FALSE,0,FALSE
16546824,XYZ2023_Craz,26/09/2023,FALSE,2,FALSE
16546824,XYZ2023_BTS_,20/08/2023,TRUE,0,FALSE
16546824,XYZ2023_Just,07/06/2023,FALSE,2,FALSE
67722349,XYZ2021_Port,28/05/2023,FALSE,4,FALSE
14749700,XYZ2023_Craz,27/09/2023,FALSE,3,FALSE
67722349,XYZ2022_New ,12/08/2023,FALSE,1,FALSE
13788455,XYZ2022_Card,13/07/2023,FALSE,5,FALSE
13788455,XYZ2021_User,29/08/2023,FALSE,1,FALSE
14749700,XYZ2022_Prem,25/01/2023,FALSE,5,FALSE
67742876,AVG2023_CrazyO,29/09/2023,FALSE,5,FALSE
13788455,XYZ2023_Just,01/06/2023,FALSE,1,FALSE
14749700,XYZ2023_XXL_,28/03/2023,FALSE,3,FALSE
14749700,AVG2022_BTS_PH,16/08/2023,TRUE,0,FALSE
